NodeId,Rank,StatId,Value,Unit,Memo
timer-01,1,timer,2,Flat,
timer-02,1,timer,10,Flat,
timer-03,1,timer,10,Flat,
timer-04,1,timer,5,Flat,
growth.time-01,1,growth.time,3,Flat,
growth.asteroids-01,1,growth.asteroids,25,Percent,
growth.asteroids-02,1,growth.asteroids,25,Percent,
growth.asteroids-03,1,growth.asteroids,50,Percent,
growth.planets-01,1,growth.planets,60,Percent,
growth.planets-02,1,growth.planets,30,Percent,
growth.stars-01,1,growth.stars,100,Percent,
breaker.damage-01,1,breaker.damage,1,Flat,
breaker.damage-02,1,breaker.damage,1,Flat,
breaker.damage-03,1,breaker.damage,1,Flat,
breaker.damage-04,1,breaker.damage,1,Flat,
breaker.damage-05,1,breaker.damage,2,Flat,
breaker.damage-06,1,breaker.damage,3,Flat,
breaker.damage-07,1,breaker.damage,1,Flat,
breaker.damage-08,1,breaker.damage,3,Flat,
breaker.damage-09,1,breaker.damage,2,Flat,
breaker.damage-10,1,breaker.damage,2,Flat,
breaker.damage-11,1,breaker.damage,5,Flat,
breaker.damage-12,1,breaker.damage,15,Flat,
breaker.damage-13,1,breaker.damage,25,Flat,
breaker.damage-14,1,breaker.damage,65,Flat,
breaker.damage-15,1,breaker.damage,200,Flat,
breaker.damage-16,1,breaker.damage,200,Flat,
breaker.damage-17,1,breaker.damage,100,Flat,
breaker.damage-18,1,breaker.damage,100,Flat,
breaker.damage-19,1,breaker.damage,150,Flat,
breaker.damage-20,1,breaker.damage,150,Flat,
breaker.damage-21,1,breaker.damage,500,Flat,
breaker.damage-22,1,breaker.damage,200,Flat,
breaker.damage-23,1,breaker.damage,200,Flat,
breaker.damage-24,1,breaker.damage,350,Flat,
breaker.damage-25,1,breaker.damage,250,Flat,
breaker.damage-26,1,breaker.damage,250,Flat,
breaker.damage-27,1,breaker.damage,1400,Flat,
breaker.damage-28,1,breaker.damage,500,Flat,
breaker.radius-01,1,breaker.radius,75,Percent,
breaker.radius-02,1,breaker.radius,150,Percent,
breaker.radius-03,1,breaker.radius,10,Percent,
breaker.radius-04,1,breaker.radius,10,Percent,
breaker.radius-05,1,breaker.radius,100,Percent,
breaker.radius-06,1,breaker.radius,20,Percent,
breaker.radius-07,1,breaker.radius,100,Percent,
breaker.radius-08,1,breaker.radius,100,Percent,
breaker.radius-09,1,breaker.radius,250,Percent,
breaker.radius-10,1,breaker.radius,150,Percent,
breaker.radius-11,1,breaker.radius,100,Percent,
breaker.radius-12,1,breaker.radius,100,Percent,
breaker.radius-13,1,breaker.radius,100,Percent,
breaker.speed-01,1,breaker.speed,25,Percent,
breaker.speed-02,1,breaker.speed,25,Percent,
breaker.speed-03,1,breaker.speed,25,Percent,
breaker.speed-04,1,breaker.speed,10,Percent,
breaker.speed-05,1,breaker.speed,10,Percent,
breaker.speed-06,1,breaker.speed,10,Percent,
breaker.speed-07,1,breaker.speed,15,Percent,
breaker.speed-08,1,breaker.speed,25,Percent,
breaker.speed-09,1,breaker.speed,25,Percent,
breaker.speed-10,1,breaker.speed,25,Percent,
breaker.speed-11,1,breaker.speed,25,Percent,
breaker.speed-12,1,breaker.speed,50,Percent,
breaker.speed-12,2,breaker.speed,50,Percent,
breaker.speed-12,3,breaker.speed,50,Percent,
breaker.speed-12,4,breaker.speed,50,Percent,
breaker.speed-12,5,breaker.speed,50,Percent,
breaker.speed-12,6,breaker.speed,50,Percent,
breaker.speed-12,7,breaker.speed,50,Percent,
breaker.speed-12,8,breaker.speed,50,Percent,
breaker.speed-12,9,breaker.speed,50,Percent,
breaker.speed-12,10,breaker.speed,50,Percent,
breaker.critChance-01,1,breaker.critChance,10,Percent,
breaker.critChance-02,1,breaker.critChance,5,Percent,
breaker.critChance-03,1,breaker.critChance,10,Percent,
breaker.critChance-04,1,breaker.critChance,25,Percent,
breaker.critChance-05,1,breaker.critChance,25,Percent,
breaker.critBonus-01,1,breaker.critBonus,25,Percent,
breaker.critBonus-02,1,breaker.critBonus,25,Percent,
breaker.critBonus-03,1,breaker.critBonus,25,Percent,
breaker.critBonus-04,1,breaker.critBonus,200,Percent,
breaker.critBonus-05,1,breaker.critBonus,100,Percent,
breaker.critBonus-05,2,breaker.critBonus,100,Percent,
breaker.critBonus-05,3,breaker.critBonus,100,Percent,
breaker.critBonus-05,4,breaker.critBonus,100,Percent,
breaker.critBonus-05,5,breaker.critBonus,100,Percent,
breaker.critBonus-05,6,breaker.critBonus,100,Percent,
breaker.critBonus-05,7,breaker.critBonus,100,Percent,
breaker.critBonus-05,8,breaker.critBonus,100,Percent,
breaker.critBonus-05,9,breaker.critBonus,100,Percent,
breaker.critBonus-05,10,breaker.critBonus,100,Percent,
breaker.planetBonus-01,1,breaker.planetBonusDamage,60,Flat,
breaker.planetBonus-02,1,breaker.planetBonusDamage,30,Flat,
breaker.planetBonus-03,1,breaker.planetBonusDamage,60,Flat,
breaker.planetBonus-04,1,breaker.planetBonusDamage,400,Flat,
breaker.starBonus-01,1,breaker.starBonusDamage,1000,Flat,
breaker.starBonus-02,1,breaker.starBonusDamage,2000,Flat,
asteroid.count-01,1,asteroid.count,30,Flat,
asteroid.count-02,1,asteroid.count,55,Flat,
asteroid.count-03,1,asteroid.count,50,Flat,
asteroid.count-04,1,asteroid.count,60,Flat,
asteroid.count-05,1,asteroid.count,60,Flat,
asteroid.size-01,1,asteroid.size,1,Flat,
asteroid.size-02,1,asteroid.size,1,Flat,
asteroid.massScale-01,1,asteroid.massScale,40,Percent,
asteroid.massScale-02,1,asteroid.massScale,50,Percent,
asteroid.massScale-03,1,asteroid.massScale,50,Percent,
asteroid.massScale-04,1,asteroid.massScale,50,Percent,
asteroid.massScale-05,1,asteroid.massScale,70,Percent,
asteroid.massScale-06,1,asteroid.massScale,50,Percent,
asteroid.massScale-07,1,asteroid.massScale,50,Percent,
asteroid.massScale-08,1,asteroid.massScale,50,Percent,
asteroid.massScale-09,1,asteroid.massScale,150,Percent,
asteroid.massScale-10,1,asteroid.massScale,300,Percent,
asteroid.timeChance-01,1,asteroid.timeChance,5,Percent,
asteroid.timeChance-02,1,asteroid.timeChance,5,Percent,
asteroid.respawnChance-01,1,asteroid.respawnChance,30,Percent,
asteroid.respawnChance-02,1,asteroid.respawnChance,40,Percent,
asteroid.respawnChance-03,1,asteroid.respawnChance,5,Percent,
asteroid.respawnChance-04,1,asteroid.respawnChance,13,Percent,
asteroid.respawnChance-05,1,asteroid.respawnChance,13,Percent,
asteroid.toPlanet-01,1,asteroid.toPlanet,52,Flat,
asteroid.toPlanet-02,1,asteroid.toPlanet,5,Flat,
asteroid.toPlanet-03,1,asteroid.toPlanet,5,Flat,
asteroid.toPlanet-04,1,asteroid.toPlanet,70,Flat,
asteroid.toPlanet-05,1,asteroid.toPlanet,10,Flat,
asteroid.toPlanet-05,2,asteroid.toPlanet,10,Flat,
asteroid.toPlanet-05,3,asteroid.toPlanet,10,Flat,
asteroid.toPlanet-05,4,asteroid.toPlanet,10,Flat,
asteroid.toPlanet-05,5,asteroid.toPlanet,10,Flat,
asteroid.toPlanet-05,6,asteroid.toPlanet,10,Flat,
asteroid.toPlanet-05,7,asteroid.toPlanet,10,Flat,
asteroid.toPlanet-05,8,asteroid.toPlanet,10,Flat,
asteroid.toPlanet-05,9,asteroid.toPlanet,10,Flat,
asteroid.toPlanet-05,10,asteroid.toPlanet,10,Flat,
planet.toStar-01,1,planet.toStar,10,Flat,
planet.toStar-02,1,planet.toStar,2,Flat,
planet.toStar-03,1,planet.toStar,5,Flat,
planet.toStar-04,1,planet.toStar,5,Flat,
planet.toStar-05,1,planet.toStar,11,Flat,
planet.toStar-06,1,planet.toStar,3,Flat,
planet.toStar-06,2,planet.toStar,3,Flat,
planet.toStar-06,3,planet.toStar,3,Flat,
planet.toStar-06,4,planet.toStar,3,Flat,
planet.toStar-06,5,planet.toStar,3,Flat,
planet.toStar-06,6,planet.toStar,3,Flat,
planet.toStar-06,7,planet.toStar,3,Flat,
planet.toStar-06,8,planet.toStar,3,Flat,
planet.toStar-06,9,planet.toStar,3,Flat,
planet.toStar-06,10,planet.toStar,3,Flat,
electricAsteroid.spawnChance-01,1,electricAsteroid.spawnChance,10,Percent,
electricAsteroid.damage-01,1,electricAsteroid.damage,2,Flat,
electricAsteroid.damage-02,1,electricAsteroid.damage,3,Flat,
electricAsteroid.damage-03,1,electricAsteroid.damage,300,Flat,
electricAsteroid.critChance-01,1,electricAsteroid.critChance,20,Percent,
electricAsteroid.critChance-02,1,electricAsteroid.critChance,20,Percent,
electricAsteroid.chain-01,1,electricAsteroid.chain,1,Flat,
electricAsteroid.chain-02,1,electricAsteroid.chain,1,Flat,
electricAsteroid.splitChance-01,1,electricAsteroid.splitChance,20,Percent,
electricAsteroid.splitChance-02,1,electricAsteroid.splitChance,20,Percent,
electricAsteroid.critBonus-01,1,electricAsteroid.critBonus,25,Percent,
electricAsteroid.critBonus-02,1,electricAsteroid.critBonus,100,Percent,
goldenAsteroid.spawnChance-01,1,goldenAsteroid.spawnChance,10,Percent,
goldenAsteroid.rewardScale-01,1,goldenAsteroid.rewardScale,75,Percent,
goldenAsteroid.rewardScale-02,1,goldenAsteroid.rewardScale,125,Percent,
goldenAsteroid.rewardScale-03,1,goldenAsteroid.rewardScale,15000,Percent,
goldenAsteroid.rewardScale-04,1,goldenAsteroid.rewardScale,15000,Percent,
goldenAsteroid.rewardScale-05,1,goldenAsteroid.rewardScale,30000,Percent,
goldenAsteroid.critChance-01,1,goldenAsteroid.critChance,10,Percent,
goldenAsteroid.critChance-02,1,goldenAsteroid.critChance,15,Percent,
goldenAsteroid.critChance-03,1,goldenAsteroid.critChance,35,Percent,
goldenAsteroid.critRewardScale-01,1,goldenAsteroid.critRewardScale,100,Percent,
goldenAsteroid.critRewardScale-02,1,goldenAsteroid.critRewardScale,100,Percent,
goldenAsteroid.critRewardScale-03,1,goldenAsteroid.critRewardScale,300,Percent,
goldenAsteroid.critRewardScale-04,1,goldenAsteroid.critRewardScale,300,Percent,
moonPlanet.spawnChance-01,1,moonPlanet.spawnChance,20,Percent,
moonPlanet.spawnChance-02,1,moonPlanet.spawnChance,10,Percent,
moonPlanet.speedScale-01,1,moonPlanet.speedScale,20,Percent,
moonPlanet.speedScale-02,1,moonPlanet.speedScale,20,Percent,
moonPlanet.speedScale-03,1,moonPlanet.speedScale,10,Percent,
moonPlanet.speedScale-04,1,moonPlanet.speedScale,100,Percent,
moonPlanet.rangeScale-01,1,moonPlanet.rangeScale,20,Percent,
moonPlanet.rangeScale-02,1,moonPlanet.rangeScale,20,Percent,
moonPlanet.rangeScale-03,1,moonPlanet.rangeScale,10,Percent,
moonPlanet.rangeScale-04,1,moonPlanet.rangeScale,20,Percent,
moonPlanet.rangeScale-05,1,moonPlanet.rangeScale,10,Percent,
moonPlanet.rangeScale-06,1,moonPlanet.rangeScale,50,Percent,
moonPlanet.rangeScale-07,1,moonPlanet.rangeScale,50,Percent,
moonPlanet.duration-01,1,moonPlanet.duration,1,Flat,
moonPlanet.duration-02,1,moonPlanet.duration,2,Flat,
moonPlanet.duration-03,1,moonPlanet.duration,1,Flat,
moonPlanet.duration-04,1,moonPlanet.duration,3,Flat,
moonPlanet.maxCount-01,1,moonPlanet.maxCount,5,Flat,
planet.size-01,1,planet.size,2,Flat,
planet.size-02,1,planet.size,1,Flat,
planet.respawnChance-01,1,planet.respawnChance,60,Percent,
planet.respawnChance-02,1,planet.respawnChance,20,Percent,
planet.respawnChance-03,1,planet.respawnChance,10,Percent,
planet.respawnChance-04,1,planet.respawnChance,10,Percent,
planet.massScale-01,1,planet.massScale,110,Percent,
planet.massScale-02,1,planet.massScale,105,Percent,
planet.massScale-03,1,planet.massScale,100,Percent,
planet.massScale-04,1,planet.massScale,100,Percent,
planet.massScale-05,1,planet.massScale,100,Percent,
planet.massScale-06,1,planet.massScale,100,Percent,
planet.massScale-07,1,planet.massScale,100,Percent,
planet.massScale-08,1,planet.massScale,100,Percent,
planet.timeChance-01,1,planet.timeChance,15,Percent,
planet.timeChance-02,1,planet.timeChance,85,Percent,
comet.spawnChance-01,1,comet.spawnChance,25,Percent,
comet.spawnChance-02,1,comet.spawnChance,30,Percent,
comet.spawnChance-03,1,comet.spawnChance,20,Percent,
comet.spawnChance-04,1,comet.spawnChance,25,Percent,
comet.duration-01,1,comet.duration,3,Flat,
comet.critBonus-01,1,comet.critBonus,50,Percent,
comet.rainChance-01,1,comet.rainChance,1,Percent,
comet.rainChance-02,1,comet.rainChance,10,Percent,
comet.rainChance-03,1,comet.rainChance,20,Percent,
comet.rainChance-04,1,comet.rainChance,50,Percent,
star.respawnChance-01,1,star.respawnChance,50,Percent,
star.respawnChance-02,1,star.respawnChance,20,Percent,
star.respawnChance-03,1,star.respawnChance,15,Percent,
star.respawnChance-04,1,star.respawnChance,15,Percent,
star.timeChance-01,1,star.timeChance,50,Percent,
star.timeChance-02,1,star.timeChance,50,Percent,
star.size-01,1,star.size,1,Flat,
star.size-02,1,star.size,1,Flat,
star.size-03,1,star.size,1,Flat,
star.size-03,2,star.size,1,Flat,
star.size-03,3,star.size,1,Flat,
star.size-03,4,star.size,1,Flat,
star.size-03,5,star.size,1,Flat,
star.size-03,6,star.size,1,Flat,
star.size-03,7,star.size,1,Flat,
star.size-03,8,star.size,1,Flat,
star.size-03,9,star.size,1,Flat,
star.size-03,10,star.size,1,Flat,
star.massScale-01,1,star.massScale,30,Percent,
star.massScale-02,1,star.massScale,75,Percent,
star.massScale-03,1,star.massScale,50,Percent,
star.massScale-04,1,star.massScale,125,Percent,
star.massScale-05,1,star.massScale,75,Percent,
star.massScale-06,1,star.massScale,50,Percent,
star.massScale-07,1,star.massScale,50,Percent,
star.massScale-08,1,star.massScale,75,Percent,
star.massScale-09,1,star.massScale,150,Percent,
star.massScale-10,1,star.massScale,3,Percent,
star.massScale-10,2,star.massScale,3,Percent,
star.massScale-10,3,star.massScale,3,Percent,
star.massScale-10,4,star.massScale,3,Percent,
star.massScale-10,5,star.massScale,3,Percent,
star.massScale-10,6,star.massScale,3,Percent,
star.massScale-10,7,star.massScale,3,Percent,
star.massScale-10,8,star.massScale,3,Percent,
star.massScale-10,9,star.massScale,3,Percent,
star.massScale-10,10,star.massScale,3,Percent,
electricStar.spawnChance-01,1,electricStar.spawnChance,10,Percent,
electricStar.damage-01,1,electricStar.damage,500,Flat,
electricStar.damage-02,1,electricStar.damage,2000,Flat,
electricStar.critChance-01,1,electricStar.critChance,20,Percent,
electricStar.chain-01,1,electricStar.chain,1,Flat,
electricStar.chain-02,1,electricStar.chain,1,Flat,
electricStar.chain-03,1,electricStar.chain,5,Flat,
electricStar.splitChance-01,1,electricStar.splitChance,60,Percent,
electricStar.splitChance-02,1,electricStar.splitChance,15,Percent,
electricStar.splitChance-03,1,electricStar.splitChance,15,Percent,
electricStar.critBonus-01,1,electricStar.critBonus,200,Percent,
electricStar.critBonus-02,1,electricStar.critBonus,100,Percent,
electricStar.critBonus-02,2,electricStar.critBonus,100,Percent,
electricStar.critBonus-02,3,electricStar.critBonus,100,Percent,
electricStar.critBonus-02,4,electricStar.critBonus,100,Percent,
electricStar.critBonus-02,5,electricStar.critBonus,100,Percent,
electricStar.critBonus-02,6,electricStar.critBonus,100,Percent,
electricStar.critBonus-02,7,electricStar.critBonus,100,Percent,
electricStar.critBonus-02,8,electricStar.critBonus,100,Percent,
electricStar.critBonus-02,9,electricStar.critBonus,100,Percent,
electricStar.critBonus-02,10,electricStar.critBonus,100,Percent,
laserStar.spawnChance-01,1,laserStar.spawnChance,20,Percent,
laserStar.width-01,1,laserStar.width,50,Percent,
laserStar.width-02,1,laserStar.width,50,Percent,
laserStar.width-03,1,laserStar.width,50,Percent,
laserStar.width-04,1,laserStar.width,50,Percent,
laserStar.width-05,1,laserStar.width,100,Percent,
laserStar.width-06,1,laserStar.width,100,Percent,
laserStar.width-07,1,laserStar.width,200,Percent,
laserStar.width-08,1,laserStar.width,100,Percent,
laserStar.width-09,1,laserStar.width,100,Percent,
laserStar.width-10,1,laserStar.width,50,Percent,
laserStar.width-10,2,laserStar.width,50,Percent,
laserStar.width-10,3,laserStar.width,50,Percent,
laserStar.width-10,4,laserStar.width,50,Percent,
laserStar.width-10,5,laserStar.width,50,Percent,
laserStar.width-10,6,laserStar.width,50,Percent,
laserStar.width-10,7,laserStar.width,50,Percent,
laserStar.width-10,8,laserStar.width,50,Percent,
laserStar.width-10,9,laserStar.width,50,Percent,
laserStar.width-10,10,laserStar.width,50,Percent,
laserStar.critChance-01,1,laserStar.critChance,50,Percent,
laserStar.damage-01,1,laserStar.damage,500,Flat,
laserStar.damage-02,1,laserStar.damage,600,Flat,
laserStar.damage-03,1,laserStar.damage,500,Flat,
laserStar.damage-04,1,laserStar.damage,500,Flat,
laserStar.damage-05,1,laserStar.damage,800,Flat,
laserStar.damage-06,1,laserStar.damage,4000,Flat,
laserStar.critBonus-01,1,laserStar.critBonus,100,Percent,
laserStar.critBonus-02,1,laserStar.critBonus,100,Percent,
laserStar.critBonus-03,1,laserStar.critBonus,200,Percent,
supernovaStar.range-01,1,supernovaStar.range,50,Percent,
supernovaStar.range-02,1,supernovaStar.range,25,Percent,
supernovaStar.range-03,1,supernovaStar.range,10,Percent,
supernovaStar.range-04,1,supernovaStar.range,10,Percent,
supernovaStar.hpDamage-01,1,supernovaStar.hpDamage,10,Percent,
supernovaStar.hpDamage-02,1,supernovaStar.hpDamage,10,Percent,
supernovaStar.hpDamage-03,1,supernovaStar.hpDamage,10,Percent,
supernovaStar.hpDamage-04,1,supernovaStar.hpDamage,10,Percent,
supernovaStar.hpDamage-05,1,supernovaStar.hpDamage,10,Percent,
supernovaStar.hpDamage-06,1,supernovaStar.hpDamage,30,Percent,
supernovaStar.spawnChance-01,1,supernovaStar.spawnChance,10,Percent,
