NodeId,Rank,Cost,Memo
timer-01,1,2,
timer-02,1,"2,600,000,000,000",
timer-03,1,"55,000,000,000,000",
timer-04,1,"500,000,000,000,000",
growth.time-01,1,300,
growth.asteroids-01,1,350,
growth.asteroids-02,1,425,
growth.asteroids-03,1,"545,000",
growth.planets-01,1,"25,000,000",
growth.planets-02,1,"60,000,000,000",
growth.stars-01,1,"1,100,000,000,000",
breaker.damage-01,1,6,
breaker.damage-02,1,18,
breaker.damage-03,1,50,
breaker.damage-04,1,60,
breaker.damage-05,1,80,
breaker.damage-06,1,400,
breaker.damage-07,1,475,
breaker.damage-08,1,"1,875",
breaker.damage-09,1,"22,000",
breaker.damage-10,1,"30,000",
breaker.damage-11,1,"100,000",
breaker.damage-12,1,"6,500,000",
breaker.damage-13,1,"25,000,000",
breaker.damage-14,1,"50,000,000",
breaker.damage-15,1,"160,000,000",
breaker.damage-16,1,"1,900,000,000",
breaker.damage-17,1,"6,000,000,000",
breaker.damage-18,1,"6,000,000,000",
breaker.damage-19,1,"20,000,000,000",
breaker.damage-20,1,"60,000,000,000",
breaker.damage-21,1,"1,100,000,000,000",
breaker.damage-22,1,"900,000,000,000",
breaker.damage-23,1,"900,000,000,000",
breaker.damage-24,1,"900,000,000,000",
breaker.damage-25,1,"7,500,000,000,000",
breaker.damage-26,1,"7,500,000,000,000",
breaker.damage-27,1,"30,000,000,000,000",
breaker.damage-28,1,"55,000,000,000,000",
breaker.radius-01,1,2,
breaker.radius-02,1,7,
breaker.radius-03,1,900,
breaker.radius-04,1,"1,000",
breaker.radius-05,1,"1,050",
breaker.radius-06,1,"75,000",
breaker.radius-07,1,"70,000,000,000",
breaker.radius-08,1,"60,000,000,000",
breaker.radius-09,1,"90,000,000,000",
breaker.radius-10,1,"1,000,000,000,000",
breaker.radius-11,1,"1,500,000,000,000",
breaker.radius-12,1,"1,500,000,000,000",
breaker.radius-13,1,"15,000,000,000,000",
breaker.speed-01,1,30,
breaker.speed-02,1,40,
breaker.speed-03,1,60,
breaker.speed-04,1,900,
breaker.speed-05,1,"1,050",
breaker.speed-06,1,"1,000",
breaker.speed-07,1,"85,000",
breaker.speed-08,1,"500,000,000,000",
breaker.speed-09,1,"500,000,000,000",
breaker.speed-10,1,"15,000,000,000,000",
breaker.speed-11,1,"15,000,000,000,000",
breaker.speed-12,1,"500,000,000,000,000",
breaker.speed-12,2,"500,000,000,000,000",
breaker.speed-12,3,"500,000,000,000,000",
breaker.speed-12,4,"500,000,000,000,000",
breaker.speed-12,5,"500,000,000,000,000",
breaker.speed-12,6,"500,000,000,000,000",
breaker.speed-12,7,"500,000,000,000,000",
breaker.speed-12,8,"500,000,000,000,000",
breaker.speed-12,9,"500,000,000,000,000",
breaker.speed-12,10,"500,000,000,000,000",
breaker.critChance-01,1,20,
breaker.critChance-02,1,15,
breaker.critChance-03,1,60,
breaker.critChance-04,1,"90,000,000,000",
breaker.critChance-05,1,"90,000,000,000",
breaker.critBonus-01,1,65,
breaker.critBonus-02,1,"15,000,000,000,000",
breaker.critBonus-03,1,"15,000,000,000,000",
breaker.critBonus-04,1,"55,000,000,000,000",
breaker.critBonus-05,1,"500,000,000,000,000",
breaker.critBonus-05,2,"500,000,000,000,000",
breaker.critBonus-05,3,"500,000,000,000,000",
breaker.critBonus-05,4,"500,000,000,000,000",
breaker.critBonus-05,5,"500,000,000,000,000",
breaker.critBonus-05,6,"500,000,000,000,000",
breaker.critBonus-05,7,"500,000,000,000,000",
breaker.critBonus-05,8,"500,000,000,000,000",
breaker.critBonus-05,9,"500,000,000,000,000",
breaker.critBonus-05,10,"500,000,000,000,000",
breaker.planetBonus-01,1,"27,000,000",
breaker.planetBonus-02,1,"30,000,000",
breaker.planetBonus-03,1,"135,000,000",
breaker.planetBonus-04,1,"280,000,000",
breaker.starBonus-01,1,"1,200,000,000,000",
breaker.starBonus-02,1,"2,600,000,000,000",
asteroid.count-01,1,7,
asteroid.count-02,1,25,
asteroid.count-03,1,"425,000",
asteroid.count-04,1,"70,000,000,000",
asteroid.count-05,1,"70,000,000,000",
asteroid.size-01,1,20,
asteroid.size-02,1,60,
asteroid.massScale-01,1,60,
asteroid.massScale-02,1,70,
asteroid.massScale-03,1,425,
asteroid.massScale-04,1,425,
asteroid.massScale-05,1,"10,050",
asteroid.massScale-06,1,"60,000",
asteroid.massScale-07,1,"100,000",
asteroid.massScale-08,1,"250,000",
asteroid.massScale-09,1,"775,000",
asteroid.massScale-10,1,"20,000,000",
asteroid.timeChance-01,1,350,
asteroid.timeChance-02,1,450,
asteroid.respawnChance-01,1,600,
asteroid.respawnChance-02,1,"2,000",
asteroid.respawnChance-03,1,"80,000",
asteroid.respawnChance-04,1,"1,500,000,000,000",
asteroid.respawnChance-05,1,"1,500,000,000,000",
asteroid.toPlanet-01,1,"25,000,000",
asteroid.toPlanet-02,1,"101,000,000",
asteroid.toPlanet-03,1,"1,900,000,000",
asteroid.toPlanet-04,1,"1,000,000,000,000",
asteroid.toPlanet-05,1,"500,000,000,000,000",
asteroid.toPlanet-05,2,"500,000,000,000,000",
asteroid.toPlanet-05,3,"500,000,000,000,000",
asteroid.toPlanet-05,4,"500,000,000,000,000",
asteroid.toPlanet-05,5,"500,000,000,000,000",
asteroid.toPlanet-05,6,"500,000,000,000,000",
asteroid.toPlanet-05,7,"500,000,000,000,000",
asteroid.toPlanet-05,8,"500,000,000,000,000",
asteroid.toPlanet-05,9,"500,000,000,000,000",
asteroid.toPlanet-05,10,"500,000,000,000,000",
planet.toStar-01,1,"1,000,000,000,000",
planet.toStar-02,1,"2,600,000,000,000",
planet.toStar-03,1,"55,000,000,000,000",
planet.toStar-04,1,"55,000,000,000,000",
planet.toStar-05,1,"500,000,000,000,000",
planet.toStar-06,1,"500,000,000,000,000",
planet.toStar-06,2,"500,000,000,000,000",
planet.toStar-06,3,"500,000,000,000,000",
planet.toStar-06,4,"500,000,000,000,000",
planet.toStar-06,5,"500,000,000,000,000",
planet.toStar-06,6,"500,000,000,000,000",
planet.toStar-06,7,"500,000,000,000,000",
planet.toStar-06,8,"500,000,000,000,000",
planet.toStar-06,9,"500,000,000,000,000",
planet.toStar-06,10,"500,000,000,000,000",
electricAsteroid.spawnChance-01,1,"10,000",
electricAsteroid.damage-01,1,"10,050",
electricAsteroid.damage-02,1,"20,475",
electricAsteroid.damage-03,1,"10,000,000,000",
electricAsteroid.critChance-01,1,"20,000",
electricAsteroid.critChance-02,1,"10,000,000,000",
electricAsteroid.chain-01,1,"25,000",
electricAsteroid.chain-02,1,"30,000",
electricAsteroid.splitChance-01,1,"30,000",
electricAsteroid.splitChance-02,1,"40,000",
electricAsteroid.critBonus-01,1,"40,000",
electricAsteroid.critBonus-02,1,"10,000,000,000",
goldenAsteroid.spawnChance-01,1,"450,000",
goldenAsteroid.rewardScale-01,1,"405,000",
goldenAsteroid.rewardScale-02,1,"630,000",
goldenAsteroid.rewardScale-03,1,"280,000,000",
goldenAsteroid.rewardScale-04,1,"1,900,000,000",
goldenAsteroid.rewardScale-05,1,"6,000,000,000",
goldenAsteroid.critChance-01,1,"450,000",
goldenAsteroid.critChance-02,1,"10,000,000",
goldenAsteroid.critChance-03,1,"1,900,000,000",
goldenAsteroid.critRewardScale-01,1,"540,000",
goldenAsteroid.critRewardScale-02,1,"10,000,000",
goldenAsteroid.critRewardScale-03,1,"4,000,000,000",
goldenAsteroid.critRewardScale-04,1,"6,000,000,000",
moonPlanet.spawnChance-01,1,"28,000,000",
moonPlanet.spawnChance-02,1,"135,000,000",
moonPlanet.speedScale-01,1,"25,000,000",
moonPlanet.speedScale-02,1,"40,000,000",
moonPlanet.speedScale-03,1,"1,200,000,000,000",
moonPlanet.speedScale-04,1,"300,000,000,000,000",
moonPlanet.rangeScale-01,1,"25,000,000",
moonPlanet.rangeScale-02,1,"50,000,000",
moonPlanet.rangeScale-03,1,"60,000,000,000",
moonPlanet.rangeScale-04,1,"90,000,000,000",
moonPlanet.rangeScale-05,1,"1,200,000,000,000",
moonPlanet.rangeScale-06,1,"300,000,000,000,000",
moonPlanet.rangeScale-07,1,"300,000,000,000,000",
moonPlanet.duration-01,1,"25,000,000",
moonPlanet.duration-02,1,"280,000,000",
moonPlanet.duration-03,1,"1,900,000,000",
moonPlanet.duration-04,1,"15,000,000,000,000",
moonPlanet.maxCount-01,1,"15,000,000,000,000",
planet.size-01,1,"25,000,000",
planet.size-02,1,"110,000,000",
planet.respawnChance-01,1,"25,000,000",
planet.respawnChance-02,1,"160,000,000",
planet.respawnChance-03,1,"60,000,000,000",
planet.respawnChance-04,1,"2,600,000,000,000",
planet.massScale-01,1,"100,000,000",
planet.massScale-02,1,"420,000,000",
planet.massScale-03,1,"700,000,000",
planet.massScale-04,1,"1,800,000,000",
planet.massScale-05,1,"6,000,000,000",
planet.massScale-06,1,"10,000,000,000",
planet.massScale-07,1,"40,000,000,000",
planet.massScale-08,1,"300,000,000,000",
planet.timeChance-01,1,"1,100,000,000,000",
planet.timeChance-02,1,"55,000,000,000,000",
comet.spawnChance-01,1,"1,000,000,000",
comet.spawnChance-02,1,"2,600,000,000,000",
comet.spawnChance-03,1,"45,000,000,000,000",
comet.spawnChance-04,1,"55,000,000,000,000",
comet.duration-01,1,"700,000,000",
comet.critBonus-01,1,"700,000,000",
comet.rainChance-01,1,"1,900,000,000",
comet.rainChance-02,1,"60,000,000,000",
comet.rainChance-03,1,"90,000,000,000",
comet.rainChance-04,1,"1,200,000,000,000",
star.respawnChance-01,1,"1,000,000,000,000",
star.respawnChance-02,1,"1,200,000,000,000",
star.respawnChance-03,1,"1,500,000,000,000",
star.respawnChance-04,1,"2,600,000,000,000",
star.timeChance-01,1,"1,000,000,000,000",
star.timeChance-02,1,"55,000,000,000,000",
star.size-01,1,"1,000,000,000,000",
star.size-02,1,"1,700,000,000,000",
star.size-03,1,"500,000,000,000,000",
star.size-03,2,"500,000,000,000,000",
star.size-03,3,"500,000,000,000,000",
star.size-03,4,"500,000,000,000,000",
star.size-03,5,"500,000,000,000,000",
star.size-03,6,"500,000,000,000,000",
star.size-03,7,"500,000,000,000,000",
star.size-03,8,"500,000,000,000,000",
star.size-03,9,"500,000,000,000,000",
star.size-03,10,"500,000,000,000,000",
star.massScale-01,1,"1,400,000,000,000",
star.massScale-02,1,"1,200,000,000,000",
star.massScale-03,1,"2,400,000,000,000",
star.massScale-04,1,"7,000,000,000,000",
star.massScale-05,1,"15,000,000,000,000",
star.massScale-06,1,"30,000,000,000,000",
star.massScale-07,1,"50,000,000,000,000",
star.massScale-08,1,"130,000,000,000,000",
star.massScale-09,1,"700,000,000,000,000",
star.massScale-10,1,"500,000,000,000,000",
star.massScale-10,2,"500,000,000,000,000",
star.massScale-10,3,"500,000,000,000,000",
star.massScale-10,4,"500,000,000,000,000",
star.massScale-10,5,"500,000,000,000,000",
star.massScale-10,6,"500,000,000,000,000",
star.massScale-10,7,"500,000,000,000,000",
star.massScale-10,8,"500,000,000,000,000",
star.massScale-10,9,"500,000,000,000,000",
star.massScale-10,10,"500,000,000,000,000",
electricStar.spawnChance-01,1,"1,300,000,000,000",
electricStar.damage-01,1,"500,000,000,000",
electricStar.damage-02,1,"2,600,000,000,000",
electricStar.critChance-01,1,"1,000,000,000,000",
electricStar.chain-01,1,"500,000,000,000",
electricStar.chain-02,1,"500,000,000,000",
electricStar.chain-03,1,"17,000,000,000,000",
electricStar.splitChance-01,1,"1,000,000,000,000",
electricStar.splitChance-02,1,"15,000,000,000,000",
electricStar.splitChance-03,1,"15,000,000,000,000",
electricStar.critBonus-01,1,"2,600,000,000,000",
electricStar.critBonus-02,1,"500,000,000,000,000",
electricStar.critBonus-02,2,"500,000,000,000,000",
electricStar.critBonus-02,3,"500,000,000,000,000",
electricStar.critBonus-02,4,"500,000,000,000,000",
electricStar.critBonus-02,5,"500,000,000,000,000",
electricStar.critBonus-02,6,"500,000,000,000,000",
electricStar.critBonus-02,7,"500,000,000,000,000",
electricStar.critBonus-02,8,"500,000,000,000,000",
electricStar.critBonus-02,9,"500,000,000,000,000",
electricStar.critBonus-02,10,"500,000,000,000,000",
laserStar.spawnChance-01,1,"7,500,000,000,000",
laserStar.width-01,1,"7,500,000,000,000",
laserStar.width-02,1,"7,500,000,000,000",
laserStar.width-03,1,"7,500,000,000,000",
laserStar.width-04,1,"7,500,000,000,000",
laserStar.width-05,1,"15,000,000,000,000",
laserStar.width-06,1,"15,000,000,000,000",
laserStar.width-07,1,"55,000,000,000,000",
laserStar.width-08,1,"300,000,000,000,000",
laserStar.width-09,1,"700,000,000,000,000",
laserStar.width-10,1,"500,000,000,000,000",
laserStar.width-10,2,"500,000,000,000,000",
laserStar.width-10,3,"500,000,000,000,000",
laserStar.width-10,4,"500,000,000,000,000",
laserStar.width-10,5,"500,000,000,000,000",
laserStar.width-10,6,"500,000,000,000,000",
laserStar.width-10,7,"500,000,000,000,000",
laserStar.width-10,8,"500,000,000,000,000",
laserStar.width-10,9,"500,000,000,000,000",
laserStar.width-10,10,"500,000,000,000,000",
laserStar.critChance-01,1,"7,500,000,000,000",
laserStar.damage-01,1,"7,500,000,000,000",
laserStar.damage-02,1,"7,500,000,000,000",
laserStar.damage-03,1,"7,500,000,000,000",
laserStar.damage-04,1,"7,500,000,000,000",
laserStar.damage-05,1,"17,000,000,000,000",
laserStar.damage-06,1,"55,000,000,000,000",
laserStar.critBonus-01,1,"7,500,000,000,000",
laserStar.critBonus-02,1,"7,500,000,000,000",
laserStar.critBonus-03,1,"55,000,000,000,000",
supernovaStar.range-01,1,"25,000,000,000,000",
supernovaStar.range-02,1,"45,000,000,000,000",
supernovaStar.range-03,1,"300,000,000,000,000",
supernovaStar.range-04,1,"300,000,000,000,000",
supernovaStar.hpDamage-01,1,"45,000,000,000,000",
supernovaStar.hpDamage-02,1,"45,000,000,000,000",
supernovaStar.hpDamage-03,1,"45,000,000,000,000",
supernovaStar.hpDamage-04,1,"300,000,000,000,000",
supernovaStar.hpDamage-05,1,"300,000,000,000,000",
supernovaStar.hpDamage-06,1,"1,000,000,000,000,000",
supernovaStar.spawnChance-01,1,"45,000,000,000,000",
