NodeId,RankCount,Memo
timer-01,1,
timer-02,1,
timer-03,1,
timer-04,1,
growth.time-01,1,
growth.asteroids-01,1,
growth.asteroids-02,1,
growth.asteroids-03,1,
growth.planets-01,1,
growth.planets-02,1,
growth.stars-01,1,
breaker.damage-01,1,
breaker.damage-02,1,
breaker.damage-03,1,
breaker.damage-04,1,
breaker.damage-05,1,
breaker.damage-06,1,
breaker.damage-07,1,
breaker.damage-08,1,
breaker.damage-09,1,
breaker.damage-10,1,
breaker.damage-11,1,
breaker.damage-12,1,
breaker.damage-13,1,
breaker.damage-14,1,
breaker.damage-15,1,
breaker.damage-16,1,
breaker.damage-17,1,
breaker.damage-18,1,
breaker.damage-19,1,
breaker.damage-20,1,
breaker.damage-21,1,
breaker.damage-22,1,
breaker.damage-23,1,
breaker.damage-24,1,
breaker.damage-25,1,
breaker.damage-26,1,
breaker.damage-27,1,
breaker.damage-28,1,
breaker.radius-01,1,
breaker.radius-02,1,
breaker.radius-03,1,
breaker.radius-04,1,
breaker.radius-05,1,
breaker.radius-06,1,
breaker.radius-07,1,
breaker.radius-08,1,
breaker.radius-09,1,
breaker.radius-10,1,
breaker.radius-11,1,
breaker.radius-12,1,
breaker.radius-13,1,
breaker.speed-01,1,
breaker.speed-02,1,
breaker.speed-03,1,
breaker.speed-04,1,
breaker.speed-05,1,
breaker.speed-06,1,
breaker.speed-07,1,
breaker.speed-08,1,
breaker.speed-09,1,
breaker.speed-10,1,
breaker.speed-11,1,
breaker.speed-12,10,원작은 10 Rank 반복 노드. Rank마다 가격·값 같음
breaker.critChance-01,1,
breaker.critChance-02,1,
breaker.critChance-03,1,
breaker.critChance-04,1,
breaker.critChance-05,1,
breaker.critBonus-01,1,
breaker.critBonus-02,1,
breaker.critBonus-03,1,
breaker.critBonus-04,1,
breaker.critBonus-05,10,원작은 10 Rank 반복 노드. Rank마다 가격·값 같음
breaker.planetBonus-01,1,
breaker.planetBonus-02,1,
breaker.planetBonus-03,1,
breaker.planetBonus-04,1,
breaker.starBonus-01,1,
breaker.starBonus-02,1,
asteroid.count-01,1,
asteroid.count-02,1,
asteroid.count-03,1,
asteroid.count-04,1,
asteroid.count-05,1,
asteroid.size-01,1,
asteroid.size-02,1,
asteroid.massScale-01,1,
asteroid.massScale-02,1,
asteroid.massScale-03,1,
asteroid.massScale-04,1,
asteroid.massScale-05,1,
asteroid.massScale-06,1,
asteroid.massScale-07,1,
asteroid.massScale-08,1,
asteroid.massScale-09,1,
asteroid.massScale-10,1,
asteroid.timeChance-01,1,
asteroid.timeChance-02,1,
asteroid.respawnChance-01,1,
asteroid.respawnChance-02,1,
asteroid.respawnChance-03,1,
asteroid.respawnChance-04,1,
asteroid.respawnChance-05,1,원작은 100% 상한에 걸려 실제로는 +12%만 오름
asteroid.toPlanet-01,1,
asteroid.toPlanet-02,1,
asteroid.toPlanet-03,1,
asteroid.toPlanet-04,1,
asteroid.toPlanet-05,10,원작은 10 Rank 반복 노드. Rank마다 가격·값 같음
planet.toStar-01,1,
planet.toStar-02,1,
planet.toStar-03,1,
planet.toStar-04,1,
planet.toStar-05,1,
planet.toStar-06,10,원작은 10 Rank 반복 노드. Rank마다 가격·값 같음
electricAsteroid.spawnChance-01,1,
electricAsteroid.damage-01,1,
electricAsteroid.damage-02,1,
electricAsteroid.damage-03,1,
electricAsteroid.critChance-01,1,
electricAsteroid.critChance-02,1,
electricAsteroid.chain-01,1,
electricAsteroid.chain-02,1,
electricAsteroid.splitChance-01,1,
electricAsteroid.splitChance-02,1,
electricAsteroid.critBonus-01,1,
electricAsteroid.critBonus-02,1,
goldenAsteroid.spawnChance-01,1,
goldenAsteroid.rewardScale-01,1,
goldenAsteroid.rewardScale-02,1,
goldenAsteroid.rewardScale-03,1,
goldenAsteroid.rewardScale-04,1,
goldenAsteroid.rewardScale-05,1,
goldenAsteroid.critChance-01,1,
goldenAsteroid.critChance-02,1,
goldenAsteroid.critChance-03,1,
goldenAsteroid.critRewardScale-01,1,
goldenAsteroid.critRewardScale-02,1,
goldenAsteroid.critRewardScale-03,1,
goldenAsteroid.critRewardScale-04,1,
moonPlanet.spawnChance-01,1,
moonPlanet.spawnChance-02,1,
moonPlanet.speedScale-01,1,
moonPlanet.speedScale-02,1,
moonPlanet.speedScale-03,1,
moonPlanet.speedScale-04,1,
moonPlanet.rangeScale-01,1,
moonPlanet.rangeScale-02,1,
moonPlanet.rangeScale-03,1,
moonPlanet.rangeScale-04,1,
moonPlanet.rangeScale-05,1,
moonPlanet.rangeScale-06,1,
moonPlanet.rangeScale-07,1,
moonPlanet.duration-01,1,
moonPlanet.duration-02,1,
moonPlanet.duration-03,1,
moonPlanet.duration-04,1,
moonPlanet.maxCount-01,1,
planet.size-01,1,
planet.size-02,1,
planet.respawnChance-01,1,
planet.respawnChance-02,1,
planet.respawnChance-03,1,
planet.respawnChance-04,1,
planet.massScale-01,1,
planet.massScale-02,1,
planet.massScale-03,1,
planet.massScale-04,1,
planet.massScale-05,1,
planet.massScale-06,1,
planet.massScale-07,1,
planet.massScale-08,1,
planet.timeChance-01,1,
planet.timeChance-02,1,
comet.spawnChance-01,1,
comet.spawnChance-02,1,
comet.spawnChance-03,1,
comet.spawnChance-04,1,
comet.duration-01,1,
comet.critBonus-01,1,
comet.rainChance-01,1,
comet.rainChance-02,1,
comet.rainChance-03,1,
comet.rainChance-04,1,
star.respawnChance-01,1,
star.respawnChance-02,1,
star.respawnChance-03,1,
star.respawnChance-04,1,
star.timeChance-01,1,
star.timeChance-02,1,
star.size-01,1,
star.size-02,1,
star.size-03,10,원작은 10 Rank 반복 노드. Rank마다 가격·값 같음
star.massScale-01,1,
star.massScale-02,1,
star.massScale-03,1,
star.massScale-04,1,
star.massScale-05,1,
star.massScale-06,1,
star.massScale-07,1,
star.massScale-08,1,
star.massScale-09,1,
star.massScale-10,10,원작은 10 Rank 반복 노드. Rank마다 가격·값 같음
electricStar.spawnChance-01,1,
electricStar.damage-01,1,
electricStar.damage-02,1,
electricStar.critChance-01,1,
electricStar.chain-01,1,
electricStar.chain-02,1,
electricStar.chain-03,1,
electricStar.splitChance-01,1,
electricStar.splitChance-02,1,
electricStar.splitChance-03,1,
electricStar.critBonus-01,1,
electricStar.critBonus-02,10,원작은 10 Rank 반복 노드. Rank마다 가격·값 같음
laserStar.spawnChance-01,1,
laserStar.width-01,1,
laserStar.width-02,1,
laserStar.width-03,1,
laserStar.width-04,1,
laserStar.width-05,1,
laserStar.width-06,1,
laserStar.width-07,1,
laserStar.width-08,1,
laserStar.width-09,1,
laserStar.width-10,10,원작은 10 Rank 반복 노드. Rank마다 가격·값 같음
laserStar.critChance-01,1,
laserStar.damage-01,1,
laserStar.damage-02,1,
laserStar.damage-03,1,
laserStar.damage-04,1,
laserStar.damage-05,1,
laserStar.damage-06,1,
laserStar.critBonus-01,1,
laserStar.critBonus-02,1,
laserStar.critBonus-03,1,
supernovaStar.range-01,1,
supernovaStar.range-02,1,
supernovaStar.range-03,1,
supernovaStar.range-04,1,
supernovaStar.hpDamage-01,1,
supernovaStar.hpDamage-02,1,
supernovaStar.hpDamage-03,1,
supernovaStar.hpDamage-04,1,
supernovaStar.hpDamage-05,1,
supernovaStar.hpDamage-06,1,
supernovaStar.spawnChance-01,1,
