StatId,ValueType,Unit,DefaultValue,Aggregation,Min,Max,Memo
timer,Float,Flat,12,Add,0,,
growth.time,Float,Flat,0,Add,0,,
growth.asteroids,Float,Percent,0,Add,0,,
growth.planets,Float,Percent,0,Add,0,,
growth.stars,Float,Percent,0,Add,0,,
breaker.damage,Float,Flat,1,Add,0,,
breaker.radius,Float,Percent,100,Add,0,,
breaker.speed,Float,Percent,100,Add,0,,
breaker.critChance,Float,Percent,0,Add,0,100,
breaker.critBonus,Float,Percent,200,Add,0,,
breaker.planetBonusDamage,Float,Flat,0,Add,0,,
breaker.starBonusDamage,Float,Flat,0,Add,0,,
asteroid.count,Int,Flat,20,Add,0,,
asteroid.size,Int,Flat,1,Add,0,,
asteroid.massScale,Float,Percent,100,Add,0,,
asteroid.timeChance,Float,Percent,0,Add,0,100,
asteroid.respawnChance,Float,Percent,0,Add,0,100,
asteroid.toPlanet,Float,Flat,0,Add,0,,
planet.toStar,Float,Flat,0,Add,0,,
electricAsteroid.spawnChance,Float,Percent,0,Add,0,100,
electricAsteroid.damage,Float,Flat,1,Add,0,,
electricAsteroid.critChance,Float,Percent,0,Add,0,100,
electricAsteroid.chain,Int,Flat,3,Add,0,,
electricAsteroid.splitChance,Float,Percent,0,Add,0,100,
electricAsteroid.critBonus,Float,Percent,200,Add,0,,
goldenAsteroid.spawnChance,Float,Percent,0,Add,0,100,
goldenAsteroid.rewardScale,Float,Percent,50,Add,0,,
goldenAsteroid.critChance,Float,Percent,0,Add,0,100,
goldenAsteroid.critRewardScale,Float,Percent,100,Add,0,,
moonPlanet.spawnChance,Float,Percent,0,Add,0,100,
moonPlanet.speedScale,Float,Percent,10,Add,0,,
moonPlanet.rangeScale,Float,Percent,10,Add,0,,
moonPlanet.duration,Float,Flat,3,Add,0,,
moonPlanet.maxCount,Int,Flat,10,Add,0,,
planet.size,Int,Flat,1,Add,0,,
planet.respawnChance,Float,Percent,0,Add,0,100,
planet.massScale,Float,Percent,0,Add,0,,
planet.timeChance,Float,Percent,0,Add,0,100,
comet.spawnChance,Float,Percent,0,Add,0,100,
comet.duration,Float,Flat,3,Add,0,,
comet.critBonus,Float,Percent,50,Add,0,,
comet.rainChance,Float,Percent,0,Add,0,100,
star.respawnChance,Float,Percent,0,Add,0,100,
star.timeChance,Float,Percent,0,Add,0,100,
star.size,Int,Flat,1,Add,0,,
star.massScale,Float,Percent,100,Add,0,,
electricStar.spawnChance,Float,Percent,0,Add,0,100,
electricStar.damage,Float,Flat,1800,Add,0,,
electricStar.critChance,Float,Percent,0,Add,0,100,
electricStar.chain,Int,Flat,5,Add,0,,
electricStar.splitChance,Float,Percent,0,Add,0,100,
electricStar.critBonus,Float,Percent,200,Add,0,,
laserStar.spawnChance,Float,Percent,0,Add,0,100,
laserStar.width,Float,Percent,100,Add,0,,
laserStar.critChance,Float,Percent,0,Add,0,100,
laserStar.damage,Float,Flat,2000,Add,0,,
laserStar.critBonus,Float,Percent,200,Add,0,,
supernovaStar.range,Float,Percent,100,Add,0,,
supernovaStar.hpDamage,Float,Percent,20,Add,0,100,
supernovaStar.spawnChance,Float,Percent,0,Add,0,100,
